Sample ID,Type,Raw file name,Comment,Date.extracted,Date.injected,Column,Injection.Order,Ref.to.Use
SM-5Q4W7,Study sample,0028_XAV_iHMP2_LIP_SM-5Q4W7.raw,,4/5/2017,4/6/2017,1,30,PREFB02
SM-5QVZ9,Study sample,0120_XAV_iHMP2_LIP_SM-5QVZ9.raw,,4/6/2017,4/7/2017,1,128,PREFB08
SM-5QVZD,Study sample,0417_XAV_iHMP2_LIP_SM-5QVZD.raw,,4/11/2017,4/12/2017,1,450,PREFB22
SM-5U5DE,Study sample,0469_XAV_iHMP2_LIP_SM-5U5DE.raw,,4/11/2017,4/13/2017,1,508,PREFB24
SM-5WXZX,Study sample,0122_XAV_iHMP2_LIP_SM-5WXZX.raw,,4/6/2017,4/7/2017,1,130,PREFB08
SM-5XHHR,Study sample,0186_XAV_iHMP2_LIP_SM-5XHHR.raw,,4/6/2017,4/8/2017,1,197,PREFB10
SM-5ZNHM,Study sample,0029_XAV_iHMP2_LIP_SM-5ZNHM.raw,,4/5/2017,4/6/2017,1,31,PREFB02
SM-5ZNHS,Study sample,0296_XAV_iHMP2_LIP_SM-5ZNHS.raw,,4/7/2017,4/10/2017,1,311,PREFB16
SM-5ZZL9,Study sample,0093_XAV_iHMP2_LIP_SM-5ZZL9.raw,,4/6/2017,4/7/2017,1,100,PREFB06
SM-61N7T,Study sample,0341_XAV_iHMP2_LIP_SM-61N7T.raw,,4/10/2017,4/11/2017,1,364,PREFB18
SM-61NJ9,Study sample,0279_XAV_iHMP2_LIP_SM-61NJ9.raw,,4/7/2017,4/10/2017,1,297,PREFB15
SM-61U3T,Study sample,0084_XAV_iHMP2_LIP_SM-61U3T.raw,,4/5/2017,4/7/2017,1,91,PREFB05
SM-61YN5,Study sample,0245_XAV_iHMP2_LIP_SM-61YN5.raw,,4/7/2017,4/9/2017,1,262,PREFB14
SM-62ARQ,Study sample,0470a_0378ri_XAV_iHMP2_LIP_SM-62ARQ.raw,reinj,4/10/2017,4/13/2017,1,510,PREFB24
SM-63ZAH,Study sample,0195_XAV_iHMP2_LIP_SM-63ZAH.raw,,4/7/2017,4/8/2017,1,208,PREFB11
SM-64NA9,Study sample,0416_XAV_iHMP2_LIP_SM-64NA9.raw,,4/11/2017,4/12/2017,1,449,PREFB22
SM-65GXK,Study sample,0158_XAV_iHMP2_LIP_SM-65GXK.raw,,4/6/2017,4/8/2017,1,165,PREFB09
SM-67WTX,Study sample,0276_XAV_iHMP2_LIP_SM-67WTX.raw,,4/7/2017,4/10/2017,1,294,PREFB15
SM-689O4,Study sample,0266_XAV_iHMP2_LIP_SM-689O4.raw,,4/7/2017,4/9/2017,1,285,PREFB14
SM-689SS,Study sample,0094_XAV_iHMP2_LIP_SM-689SS.raw,,4/6/2017,4/7/2017,1,101,PREFB06
SM-69UMY,Study sample,0188_XAV_iHMP2_LIP_SM-69UMY.raw,,4/6/2017,4/8/2017,1,199,PREFB10
SM-6AXJO,Study sample,0240_XAV_iHMP2_LIP_SM-6AXJO.raw,,4/7/2017,4/9/2017,1,257,PREFB12
SM-6BKS1,Study sample,0081_XAV_iHMP2_LIP_SM-6BKS1.raw,,4/5/2017,4/7/2017,1,88,PREFB05
SM-6BQPK,Study sample,0320_XAV_iHMP2_LIP_SM-6BQPK.raw,,4/10/2017,4/10/2017,1,343,PREFB17
SM-6CAJC,Study sample,0024_XAV_iHMP2_LIP_SM-6CAJC.raw,,4/5/2017,4/6/2017,1,26,PREFB02
SM-6CAJI,Study sample,0473_XAV_iHMP2_LIP_SM-6CAJI.raw,,4/12/2017,4/13/2017,1,513,PREFB25
SM-6CAKR,Study sample,0117_XAV_iHMP2_LIP_SM-6CAKR.raw,,4/6/2017,4/7/2017,1,125,PREFB08
SM-6DRTP,Study sample,0248_XAV_iHMP2_LIP_SM-6DRTP.raw,,4/7/2017,4/9/2017,1,265,PREFB14
SM-6EFPD,Study sample,0278_XAV_iHMP2_LIP_SM-6EFPD.raw,,4/7/2017,4/10/2017,1,296,PREFB15
SM-6FNVI,Study sample,0304_XAV_iHMP2_LIP_SM-6FNVI.raw,,4/7/2017,4/10/2017,1,319,PREFB16
SM-6FNW6,Study sample,0270_XAV_iHMP2_LIP_SM-6FNW6.raw,,4/7/2017,4/9/2017,1,289,PREFB14
SM-6GH65,Study sample,0190_XAV_iHMP2_LIP_SM-6GH65.raw,,4/6/2017,4/8/2017,1,201,PREFB10
SM-6HUBR,Study sample,0129_XAV_iHMP2_LIP_SM-6HUBR.raw,,4/6/2017,4/7/2017,1,135,PREFB08
SM-6HUG5,Study sample,0336_XAV_iHMP2_LIP_SM-6HUG5.raw,,4/10/2017,4/11/2017,1,357,PREFB18
SM-6J3OB,Study sample,0379_XAV_iHMP2_LIP_SM-6J3OB.raw,,4/10/2017,4/11/2017,1,402,PREFB20
SM-6JWO4,Study sample,0001_XAV_iHMP2_LIP_SM-6JWO4.raw,,4/5/2017,4/5/2017,1,1,PREFB02
SM-6KUC9,Study sample,0196_XAV_iHMP2_LIP_SM-6KUC9.raw,,4/7/2017,4/8/2017,1,209,PREFB11
SM-6KUCD,Study sample,0268_XAV_iHMP2_LIP_SM-6KUCD.raw,,4/7/2017,4/9/2017,1,287,PREFB14
SM-6KUCH,Study sample,0318_XAV_iHMP2_LIP_SM-6KUCH.raw,,4/10/2017,4/10/2017,1,341,PREFB17
SM-6KUCT,Study sample,0030_XAV_iHMP2_LIP_SM-6KUCT.raw,,4/5/2017,4/6/2017,1,32,PREFB02
SM-6KUD2,Study sample,0374_XAV_iHMP2_LIP_SM-6KUD2.raw,,4/10/2017,4/11/2017,1,398,PREFB20
SM-6M2VX,Study sample,0224_XAV_iHMP2_LIP_SM-6M2VX.raw,,4/7/2017,4/9/2017,1,241,PREFB12
SM-6M48S,Study sample,0415_XAV_iHMP2_LIP_SM-6M48S.raw,,4/11/2017,4/12/2017,1,448,PREFB22
SM-6MSSO,Study sample,0295_XAV_iHMP2_LIP_SM-6MSSO.raw,,4/7/2017,4/10/2017,1,310,PREFB16
SM-6MSSW,Study sample,0159_XAV_iHMP2_LIP_SM-6MSSW.raw,,4/6/2017,4/8/2017,1,166,PREFB09
SM-6MYZ2,Study sample,0421_XAV_iHMP2_LIP_SM-6MYZ2.raw,,4/11/2017,4/12/2017,1,456,PREFB22
SM-6OLSC,Study sample,0306_XAV_iHMP2_LIP_SM-6OLSC.raw,,4/7/2017,4/10/2017,1,321,PREFB16
SM-6OOEJ,Study sample,0325_XAV_iHMP2_LIP_SM-6OOEJ.raw,,4/10/2017,4/10/2017,1,349,PREFB17
SM-6OSOU,Study sample,0275_XAV_iHMP2_LIP_SM-6OSOU.raw,,4/7/2017,4/10/2017,1,293,PREFB15
SM-6Q4FM,Study sample,0260_XAV_iHMP2_LIP_SM-6Q4FM.raw,,4/7/2017,4/9/2017,1,277,PREFB14
SM-6Q4FQ,Study sample,0092_XAV_iHMP2_LIP_SM-6Q4FQ.raw,,4/6/2017,4/7/2017,1,99,PREFB06
SM-6RB9P,Study sample,0238_XAV_iHMP2_LIP_SM-6RB9P.raw,,4/7/2017,4/9/2017,1,255,PREFB12
SM-6SF6T,Study sample,0142_XAV_iHMP2_LIP_SM-6SF6T.raw,,4/6/2017,4/8/2017,1,149,PREFB08
SM-6SSMY,Study sample,0152_XAV_iHMP2_LIP_SM-6SSMY.raw,,4/6/2017,4/8/2017,1,159,PREFB09
SM-6TO52,Study sample,0310a_0274_XAVri_iHMP2_LIP_SM-6TO52.raw,reinj,4/7/2017,4/10/2017,1,329,PREFB16
SM-6WJN1,Study sample,0470_XAV_iHMP2_LIP_SM-6WJN1.raw,,4/11/2017,4/13/2017,1,509,PREFB24
SM-6WOC1,Study sample,0121_XAV_iHMP2_LIP_SM-6WOC1.raw,,4/6/2017,4/7/2017,1,129,PREFB08
SM-6WU1I,Study sample,0012_XAV_iHMP2_LIP_SM-6WU1I.raw,,4/5/2017,4/6/2017,1,12,PREFB02
SM-6X9W2,Study sample,0172_XAV_iHMP2_LIP_SM-6X9W2.raw,,4/6/2017,4/8/2017,1,181,PREFB10
SM-6X9W6,Study sample,0310a_0131_XAVri_iHMP2_LIP_SM-6X9W6.raw,reinj,4/6/2017,4/10/2017,1,328,PREFB16
SM-6X9WA,Study sample,0116_XAV_iHMP2_LIP_SM-6X9WA.raw,,4/6/2017,4/7/2017,1,124,PREFB08
SM-6X9WE,Study sample,0006_XAV_iHMP2_LIP_SM-6X9WE.raw,,4/5/2017,4/6/2017,1,6,PREFB02
SM-6X9WM,Study sample,0316_XAV_iHMP2_LIP_SM-6X9WM.raw,,4/10/2017,4/10/2017,1,339,PREFB17
SM-6X9WU,Study sample,0338_XAV_iHMP2_LIP_SM-6X9WU.raw,,4/10/2017,4/11/2017,1,359,PREFB18
SM-6XJTB,Study sample,0380_XAV_iHMP2_LIP_SM-6XJTB.raw,,4/10/2017,4/11/2017,1,403,PREFB20
SM-6XJTF,Study sample,0305_XAV_iHMP2_LIP_SM-6XJTF.raw,,4/7/2017,4/10/2017,1,320,PREFB16
SM-6XJTN,Study sample,0246_XAV_iHMP2_LIP_SM-6XJTN.raw,,4/7/2017,4/9/2017,1,263,PREFB14
SM-6XJUC,Study sample,0225_XAV_iHMP2_LIP_SM-6XJUC.raw,,4/7/2017,4/9/2017,1,242,PREFB12
SM-6XNM3,Study sample,0085_XAV_iHMP2_LIP_SM-6XNM3.raw,,4/5/2017,4/7/2017,1,92,PREFB05
SM-6XRKG,Study sample,0165_XAV_iHMP2_LIP_SM-6XRKG.raw,,4/6/2017,4/8/2017,1,174,PREFB09
SM-6XSL6,Study sample,0432_XAV_iHMP2_LIP_SM-6XSL6.raw,,4/11/2017,4/12/2017,1,467,PREFB23
SM-6XSLI,Study sample,0549_XAV_iHMP2_LIP_SM-6XSLI.raw,,4/12/2017,4/14/2017,1,593,PREFB28
SM-6XTSQ,Study sample,0277_XAV_iHMP2_LIP_SM-6XTSQ.raw,,4/7/2017,4/10/2017,1,295,PREFB15
SM-6XTSU,Study sample,0189_XAV_iHMP2_LIP_SM-6XTSU.raw,,4/6/2017,4/8/2017,1,200,PREFB10
SM-6XTSY,Study sample,0384_XAV_iHMP2_LIP_SM-6XTSY.raw,,4/10/2017,4/11/2017,1,409,PREFB20
SM-6Y2UL,Study sample,0294_XAV_iHMP2_LIP_SM-6Y2UL.raw,,4/7/2017,4/10/2017,1,309,PREFB16
SM-6Y87V,Study sample,0424_XAV_iHMP2_LIP_SM-6Y87V.raw,,4/11/2017,4/12/2017,1,459,PREFB22
SM-6YAZN,Study sample,0156_XAV_iHMP2_LIP_SM-6YAZN.raw,,4/6/2017,4/8/2017,1,163,PREFB09
SM-6YAZR,Study sample,0410_XAV_iHMP2_LIP_SM-6YAZR.raw,,4/11/2017,4/12/2017,1,443,PREFB21
SM-6ZEU8,Study sample,0026_XAV_iHMP2_LIP_SM-6ZEU8.raw,,4/5/2017,4/6/2017,1,28,PREFB02
SM-6ZEUG,Study sample,0271_XAV_iHMP2_LIP_SM-6ZEUG.raw,,4/7/2017,4/9/2017,1,290,PREFB15
SM-6ZEV1,Study sample,0377_XAV_iHMP2_LIP_SM-6ZEV1.raw,,4/10/2017,4/11/2017,1,401,PREFB20
SM-6ZEVH,Study sample,0267_XAV_iHMP2_LIP_SM-6ZEVH.raw,,4/7/2017,4/9/2017,1,286,PREFB14
SM-6ZEVL,Study sample,0282_XAV_iHMP2_LIP_SM-6ZEVL.raw,,4/7/2017,4/10/2017,1,302,PREFB15
SM-6ZJI5,Study sample,0253_XAV_iHMP2_LIP_SM-6ZJI5.raw,,4/7/2017,4/9/2017,1,270,PREFB14
SM-6ZJI9,Study sample,0194_XAV_iHMP2_LIP_SM-6ZJI9.raw,,4/7/2017,4/8/2017,1,207,PREFB11
SM-6ZKSA,Study sample,0043_XAV_iHMP2_LIP_SM-6ZKSA.raw,,4/5/2017,4/6/2017,1,47,PREFB03
SM-6ZKT1,Study sample,0241_XAV_iHMP2_LIP_SM-6ZKT1.raw,,4/7/2017,4/9/2017,1,258,PREFB14
SM-6ZKY3,Study sample,0550c_0474ri_XAV_iHMP2_LIP_SM-6ZKY3.raw,,4/12/2017,4/14/2017,1,596,PREFB29
SM-6ZT2N,Study sample,0431_XAV_iHMP2_LIP_SM-6ZT2N.raw,,4/11/2017,4/12/2017,1,466,PREFB23
SM-6ZT2V,Study sample,0145_XAV_iHMP2_LIP_SM-6ZT2V.raw,,4/6/2017,4/8/2017,1,152,PREFB08
SM-6ZT3C,Study sample,0219_XAV_iHMP2_LIP_SM-6ZT3C.raw,,4/7/2017,4/9/2017,1,234,PREFB12
SM-6ZT3G,Study sample,0322_XAV_iHMP2_LIP_SM-6ZT3G.raw,,4/10/2017,4/10/2017,1,347,PREFB17
SM-6ZT3W,Study sample,0150_XAV_iHMP2_LIP_SM-6ZT3W.raw,,4/6/2017,4/8/2017,1,157,PREFB09
SM-6ZUH2,Study sample,0234_XAV_iHMP2_LIP_SM-6ZUH2.raw,,4/7/2017,4/9/2017,1,251,PREFB12
SM-71WX9,Study sample,0070_XAV_iHMP2_LIP_SM-71WX9.raw,,4/5/2017,4/6/2017,1,76,PREFB04
SM-71WXD,Study sample,0009_XAV_iHMP2_LIP_SM-71WXD.raw,,4/5/2017,4/6/2017,1,9,PREFB02
SM-71WXH,Study sample,0123_XAV_iHMP2_LIP_SM-71WXH.raw,,4/6/2017,4/7/2017,1,131,PREFB08
SM-71WXX,Study sample,0053_XAV_iHMP2_LIP_SM-71WXX.raw,,4/5/2017,4/6/2017,1,57,PREFB04
SM-71WY2,Study sample,0419_XAV_iHMP2_LIP_SM-71WY2.raw,,4/11/2017,4/12/2017,1,452,PREFB22
SM-71ZV9,Study sample,0261_XAV_iHMP2_LIP_SM-71ZV9.raw,,4/7/2017,4/9/2017,1,280,PREFB14
SM-727GQ,Study sample,0176_XAV_iHMP2_LIP_SM-727GQ.raw,,4/6/2017,4/8/2017,1,185,PREFB10
SM-72PGN,Study sample,0112_XAV_iHMP2_LIP_SM-72PGN.raw,,4/6/2017,4/7/2017,1,120,PREFB08
SM-72PHS,Study sample,0162_XAV_iHMP2_LIP_SM-72PHS.raw,,4/6/2017,4/8/2017,1,171,PREFB09
SM-72XGS,Study sample,0302_XAV_iHMP2_LIP_SM-72XGS.raw,,4/7/2017,4/10/2017,1,317,PREFB16
SM-72ZHG,Study sample,0016_XAV_iHMP2_LIP_SM-72ZHG.raw,,4/5/2017,4/6/2017,1,16,PREFB02
SM-72ZHO,Study sample,0387_XAV_iHMP2_LIP_SM-72ZHO.raw,,4/10/2017,4/11/2017,1,412,PREFB20
SM-734R8,Study sample,0208_XAV_iHMP2_LIP_SM-734R8.raw,,4/7/2017,4/9/2017,1,223,PREFB11
SM-73BMX,Study sample,0133_XAV_iHMP2_LIP_SM-73BMX.raw,,4/6/2017,4/7/2017,1,138,PREFB08
SM-73BN6,Study sample,0003_XAV_iHMP2_LIP_SM-73BN6.raw,,4/5/2017,4/5/2017,1,3,PREFB02
SM-73JXD,Study sample,0223_XAV_iHMP2_LIP_SM-73JXD.raw,,4/7/2017,4/9/2017,1,240,PREFB12
SM-74Y71,Study sample,0118_XAV_iHMP2_LIP_SM-74Y71.raw,,4/6/2017,4/7/2017,1,126,PREFB08
SM-74Y7D,Study sample,0082_XAV_iHMP2_LIP_SM-74Y7D.raw,,4/5/2017,4/7/2017,1,89,PREFB05
SM-74Y93,Study sample,0317_XAV_iHMP2_LIP_SM-74Y93.raw,,4/10/2017,4/10/2017,1,340,PREFB17
SM-76C9O,Study sample,0039_XAV_iHMP2_LIP_SM-76C9O.raw,,4/5/2017,4/6/2017,1,41,PREFB02
SM-76CAL,Study sample,0412_XAV_iHMP2_LIP_SM-76CAL.raw,,4/11/2017,4/12/2017,1,445,PREFB22
SM-76CAT,Study sample,0340_XAV_iHMP2_LIP_SM-76CAT.raw,,4/10/2017,4/11/2017,1,361,PREFB18
SM-76ENW,Study sample,0471_XAV_iHMP2_LIP_SM-76ENW.raw,,4/12/2017,4/13/2017,1,511,PREFB25
SM-76EO1,Study sample,0382_XAV_iHMP2_LIP_SM-76EO1.raw,,4/10/2017,4/11/2017,1,407,PREFB20
SM-76EO9,Study sample,0423_XAV_iHMP2_LIP_SM-76EO9.raw,,4/11/2017,4/12/2017,1,458,PREFB22
SM-76EOD,Study sample,0280_XAV_iHMP2_LIP_SM-76EOD.raw,,4/7/2017,4/10/2017,1,298,PREFB15
SM-76LBZ,Study sample,0247_XAV_iHMP2_LIP_SM-76LBZ.raw,,4/7/2017,4/9/2017,1,264,PREFB14
SM-77FXF,Study sample,0284_XAV_iHMP2_LIP_SM-77FXF.raw,,4/7/2017,4/10/2017,1,303,PREFB15
SM-77FXR,Study sample,0027_XAV_iHMP2_LIP_SM-77FXR.raw,,4/5/2017,4/6/2017,1,29,PREFB02
SM-77FXZ,Study sample,0480_XAV_iHMP2_LIP_SM-77FXZ.raw,,4/12/2017,4/13/2017,1,519,PREFB25
SM-77FYC,Study sample,0376_XAV_iHMP2_LIP_SM-77FYC.raw,,4/10/2017,4/11/2017,1,400,PREFB20
SM-77M5K,Study sample,0251_XAV_iHMP2_LIP_SM-77M5K.raw,,4/7/2017,4/9/2017,1,268,PREFB14
SM-77M65,Study sample,0095_XAV_iHMP2_LIP_SM-77M65.raw,,4/6/2017,4/7/2017,1,102,PREFB06
SM-77M69,Study sample,0272_XAV_iHMP2_LIP_SM-77M69.raw,,4/7/2017,4/10/2017,1,291,PREFB15
SM-77VQ3,Study sample,0192_XAV_iHMP2_LIP_SM-77VQ3.raw,,4/7/2017,4/8/2017,1,205,PREFB11
SM-787I4,Study sample,0507_XAV_iHMP2_LIP_SM-787I4.raw,,4/12/2017,4/13/2017,1,550,PREFB26
SM-791B3,Study sample,0068_XAV_iHMP2_LIP_SM-791B3.raw,,4/5/2017,4/6/2017,1,74,PREFB04
SM-791B7,Study sample,0044_XAV_iHMP2_LIP_SM-791B7.raw,,4/5/2017,4/6/2017,1,48,PREFB03
SM-79RAY,Study sample,0215_XAV_iHMP2_LIP_SM-79RAY.raw,,4/7/2017,4/9/2017,1,230,PREFB12
SM-7AA1S,Study sample,0115_XAV_iHMP2_LIP_SM-7AA1S.raw,,4/6/2017,4/7/2017,1,123,PREFB08
SM-7AA21,Study sample,0297_XAV_iHMP2_LIP_SM-7AA21.raw,,4/7/2017,4/10/2017,1,312,PREFB16
SM-7AK5U,Study sample,0477_XAV_iHMP2_LIP_SM-7AK5U.raw,,4/12/2017,4/13/2017,1,516,PREFB25
SM-7AK5Y,Study sample,0155_XAV_iHMP2_LIP_SM-7AK5Y.raw,,4/6/2017,4/8/2017,1,162,PREFB09
SM-7AMI9,Study sample,0236_XAV_iHMP2_LIP_SM-7AMI9.raw,,4/7/2017,4/9/2017,1,253,PREFB12
SM-7AMIH,Study sample,0141_XAV_iHMP2_LIP_SM-7AMIH.raw,,4/6/2017,4/8/2017,1,148,PREFB08
SM-7B7LB,Study sample,0096_XAV_iHMP2_LIP_SM-7B7LB.raw,,4/6/2017,4/7/2017,1,103,PREFB06
SM-7BF15,Study sample,0174_XAV_iHMP2_LIP_SM-7BF15.raw,,4/6/2017,4/8/2017,1,183,PREFB10
SM-7BF1T,Study sample,0010_XAV_iHMP2_LIP_SM-7BF1T.raw,,4/5/2017,4/6/2017,1,10,PREFB02
SM-7BF22,Study sample,0310a_0124_XAVri_iHMP2_LIP_SM-7BF22.raw,reinj,4/6/2017,4/10/2017,1,326,PREFB16
SM-7BF2I,Study sample,0157_XAV_iHMP2_LIP_SM-7BF2I.raw,,4/6/2017,4/8/2017,1,164,PREFB09
SM-7BF2M,Study sample,0242_XAV_iHMP2_LIP_SM-7BF2M.raw,,4/7/2017,4/9/2017,1,259,PREFB14
SM-7BF2Q,Study sample,0353_XAV_iHMP2_LIP_SM-7BF2Q.raw,,4/10/2017,4/11/2017,1,375,PREFB19
SM-7BP4V,Study sample,0390a_0323ri_XAV_iHMP2_LIP_SM-7BP4V.raw,reinj,4/10/2017,4/11/2017,1,417,PREFB20
SM-7BP5C,Study sample,0049_XAV_iHMP2_LIP_SM-7BP5C.raw,,4/5/2017,4/6/2017,1,53,PREFB03
SM-7BP5K,Study sample,0265_XAV_iHMP2_LIP_SM-7BP5K.raw,,4/7/2017,4/9/2017,1,284,PREFB14
SM-7CM7M,Study sample,0386_XAV_iHMP2_LIP_SM-7CM7M.raw,,4/10/2017,4/11/2017,1,411,PREFB20
SM-7CP2F,Study sample,0259_XAV_iHMP2_LIP_SM-7CP2F.raw,,4/7/2017,4/9/2017,1,276,PREFB14
SM-7CP2V,Study sample,0222_XAV_iHMP2_LIP_SM-7CP2V.raw,,4/7/2017,4/9/2017,1,239,PREFB12
SM-7CP2Z,Study sample,0074_XAV_iHMP2_LIP_SM-7CP2Z.raw,,4/5/2017,4/7/2017,1,80,PREFB05
SM-7CP34,Study sample,0040_XAV_iHMP2_LIP_SM-7CP34.raw,,4/5/2017,4/6/2017,1,42,PREFB02
SM-7CP3G,Study sample,0339_XAV_iHMP2_LIP_SM-7CP3G.raw,,4/10/2017,4/11/2017,1,360,PREFB18
SM-7CRWL,Study sample,0002_XAV_iHMP2_LIP_SM-7CRWL.raw,,4/5/2017,4/5/2017,1,2,PREFB02
SM-7CRWP,Study sample,0435_XAV_iHMP2_LIP_SM-7CRWP.raw,,4/11/2017,4/12/2017,1,470,PREFB23
SM-7CRWX,Study sample,0210_XAV_iHMP2_LIP_SM-7CRWX.raw,,4/7/2017,4/9/2017,1,225,PREFB11
SM-7CRX2,Study sample,0420_XAV_iHMP2_LIP_SM-7CRX2.raw,,4/11/2017,4/12/2017,1,453,PREFB22
SM-7D34K,Study sample,0187_XAV_iHMP2_LIP_SM-7D34K.raw,,4/6/2017,4/8/2017,1,198,PREFB10
SM-7D34O,Study sample,0447_XAV_iHMP2_LIP_SM-7D34O.raw,,4/11/2017,4/12/2017,1,484,PREFB23
SM-7DGUW,Study sample,0036_XAV_iHMP2_LIP_SM-7DGUW.raw,,4/5/2017,4/6/2017,1,38,PREFB02
SM-7DGV1,Study sample,0481_XAV_iHMP2_LIP_SM-7DGV1.raw,,4/12/2017,4/13/2017,1,522,PREFB25
SM-7DGV5,Study sample,0472_XAV_iHMP2_LIP_SM-7DGV5.raw,,4/12/2017,4/13/2017,1,512,PREFB25
SM-7DN33,Study sample,0375_XAV_iHMP2_LIP_SM-7DN33.raw,,4/10/2017,4/11/2017,1,399,PREFB20
SM-7DN37,Study sample,0335_XAV_iHMP2_LIP_SM-7DN37.raw,,4/10/2017,4/11/2017,1,356,PREFB18
SM-7DN3V,Study sample,0166_XAV_iHMP2_LIP_SM-7DN3V.raw,,4/6/2017,4/8/2017,1,175,PREFB09
SM-7E5ED,Study sample,0430_XAV_iHMP2_LIP_SM-7E5ED.raw,"Pause to PosCal, add MPB",4/11/2017,4/12/2017,1,465,PREFB22
SM-7E5EH,Study sample,0383_XAV_iHMP2_LIP_SM-7E5EH.raw,,4/10/2017,4/11/2017,1,408,PREFB20
SM-7ED9N,Study sample,0014_XAV_iHMP2_LIP_SM-7ED9N.raw,,4/5/2017,4/6/2017,1,14,PREFB02
SM-7ED9R,Study sample,0422_XAV_iHMP2_LIP_SM-7ED9R.raw,,4/11/2017,4/12/2017,1,457,PREFB22
SM-7EDA4,Study sample,0199_XAV_iHMP2_LIP_SM-7EDA4.raw,,4/7/2017,4/8/2017,1,212,PREFB11
SM-7EDA8,Study sample,0064_XAV_iHMP2_LIP_SM-7EDA8.raw,,4/5/2017,4/6/2017,1,70,PREFB04
SM-7EDAC,Study sample,0134_XAV_iHMP2_LIP_SM-7EDAC.raw,,4/6/2017,4/7/2017,1,139,PREFB08
SM-7EWUS,Study sample,0344_XAV_iHMP2_LIP_SM-7EWUS.raw,,4/10/2017,4/11/2017,1,367,PREFB18
SM-7F1RS,Study sample,0286_XAV_iHMP2_LIP_SM-7F1RS.raw,,4/7/2017,4/10/2017,1,305,PREFB15
SM-7F1RW,Study sample,0449_XAV_iHMP2_LIP_SM-7F1RW.raw,,4/11/2017,4/12/2017,1,486,PREFB23
SM-7F43P,Study sample,0250_XAV_iHMP2_LIP_SM-7F43P.raw,,4/7/2017,4/9/2017,1,267,PREFB14
SM-7FHYA,Study sample,0220_XAV_iHMP2_LIP_SM-7FHYA.raw,,4/7/2017,4/9/2017,1,235,PREFB12
SM-7FK3W,Study sample,0392_XAV_iHMP2_LIP_SM-7FK3W.raw,,4/11/2017,4/12/2017,1,423,PREFB21
SM-7FK4D,Study sample,0119_XAV_iHMP2_LIP_SM-7FK4D.raw,,4/6/2017,4/7/2017,1,127,PREFB08
SM-7FVSS,Study sample,0385_XAV_iHMP2_LIP_SM-7FVSS.raw,,4/10/2017,4/11/2017,1,410,PREFB20
SM-7GCHC,Study sample,0509_XAV_iHMP2_LIP_SM-7GCHC.raw,,4/12/2017,4/13/2017,1,552,PREFB26
SM-7GCHK,Study sample,0303_XAV_iHMP2_LIP_SM-7GCHK.raw,,4/7/2017,4/10/2017,1,318,PREFB16
SM-7GFUX,Study sample,0293_XAV_iHMP2_LIP_SM-7GFUX.raw,,4/7/2017,4/10/2017,1,308,PREFB16
SM-7GYHH,Study sample,0075_XAV_iHMP2_LIP_SM-7GYHH.raw,,4/5/2017,4/7/2017,1,81,PREFB05
SM-7GYHL,Study sample,0217_XAV_iHMP2_LIP_SM-7GYHL.raw,,4/7/2017,4/9/2017,1,232,PREFB12
SM-7GYIA,Study sample,0047_XAV_iHMP2_LIP_SM-7GYIA.raw,,4/5/2017,4/6/2017,1,51,PREFB03
SM-7GYJN,Study sample,0160_XAV_iHMP2_LIP_SM-7GYJN.raw,,4/6/2017,4/8/2017,1,167,PREFB09
SM-7GYJZ,Study sample,0348_XAV_iHMP2_LIP_SM-7GYJZ.raw,,4/10/2017,4/11/2017,1,370,PREFB18
SM-7H4GS,Study sample,0054_XAV_iHMP2_LIP_SM-7H4GS.raw,,4/5/2017,4/6/2017,1,58,PREFB04
SM-7H4H1,Study sample,0083_XAV_iHMP2_LIP_SM-7H4H1.raw,,4/5/2017,4/7/2017,1,90,PREFB05
SM-7H4HL,Study sample,0052_XAV_iHMP2_LIP_SM-7H4HL.raw,,4/5/2017,4/6/2017,1,56,PREFB04
SM-7HAI4,Study sample,0310a_0128_XAVri_iHMP2_LIP_SM-7HAI4.raw,reinj,4/6/2017,4/10/2017,1,327,PREFB16
SM-7HNM8,Study sample,0113_XAV_iHMP2_LIP_SM-7HNM8.raw,,4/6/2017,4/7/2017,1,121,PREFB08
SM-7HXJO,Study sample,0025_XAV_iHMP2_LIP_SM-7HXJO.raw,,4/5/2017,4/6/2017,1,27,PREFB02
SM-7HXJW,Study sample,0273_XAV_iHMP2_LIP_SM-7HXJW.raw,,4/7/2017,4/10/2017,1,292,PREFB15
SM-7I1FM,Study sample,0148_XAV_iHMP2_LIP_SM-7I1FM.raw,,4/6/2017,4/8/2017,1,155,PREFB09
SM-7I1FQ,Study sample,0237_XAV_iHMP2_LIP_SM-7I1FQ.raw,,4/7/2017,4/9/2017,1,254,PREFB12
SM-7I1G3,Study sample,0183_XAV_iHMP2_LIP_SM-7I1G3.raw,,4/6/2017,4/8/2017,1,194,PREFB10
SM-7I1G7,Study sample,0264_XAV_iHMP2_LIP_SM-7I1G7.raw,,4/7/2017,4/9/2017,1,283,PREFB14
SM-7I1GX,Study sample,0482_XAV_iHMP2_LIP_SM-7I1GX.raw,,4/12/2017,4/13/2017,1,523,PREFB25
SM-7I1H2,Study sample,0399_XAV_iHMP2_LIP_SM-7I1H2.raw,,4/11/2017,4/12/2017,1,430,PREFB21
SM-7I9G4,Study sample,0244_XAV_iHMP2_LIP_SM-7I9G4.raw,,4/7/2017,4/9/2017,1,261,PREFB14
SM-7I9GC,Study sample,0193_XAV_iHMP2_LIP_SM-7I9GC.raw,,4/7/2017,4/8/2017,1,206,PREFB11
SM-7IKZB,Study sample,0132_XAV_iHMP2_LIP_SM-7IKZB.raw,,4/6/2017,4/7/2017,1,137,PREFB08
SM-7IKZF,Study sample,0140_XAV_iHMP2_LIP_SM-7IKZF.raw,,4/6/2017,4/8/2017,1,145,PREFB08
SM-7IKZN,Study sample,0175_XAV_iHMP2_LIP_SM-7IKZN.raw,,4/6/2017,4/8/2017,1,184,PREFB10
SM-7IL14,Study sample,0008_XAV_iHMP2_LIP_SM-7IL14.raw,,4/5/2017,4/6/2017,1,8,PREFB02
SM-7IL1G,Study sample,0239_XAV_iHMP2_LIP_SM-7IL1G.raw,,4/7/2017,4/9/2017,1,256,PREFB12
SM-7IL1K,Study sample,0418_XAV_iHMP2_LIP_SM-7IL1K.raw,,4/11/2017,4/12/2017,1,451,PREFB22
SM-7IL1O,Study sample,0414_XAV_iHMP2_LIP_SM-7IL1O.raw,,4/11/2017,4/12/2017,1,447,PREFB22
SM-7IL1S,Study sample,0153_XAV_iHMP2_LIP_SM-7IL1S.raw,,4/6/2017,4/8/2017,1,160,PREFB09
SM-7IWEO,Study sample,0037_XAV_iHMP2_LIP_SM-7IWEO.raw,,4/5/2017,4/6/2017,1,39,PREFB02
SM-7IWES,Study sample,0381_XAV_iHMP2_LIP_SM-7IWES.raw,,4/10/2017,4/11/2017,1,406,PREFB20
SM-7IWEW,Study sample,0426_XAV_iHMP2_LIP_SM-7IWEW.raw,,4/11/2017,4/12/2017,1,461,PREFB22
SM-7IWF5,Study sample,0319_XAV_iHMP2_LIP_SM-7IWF5.raw,,4/10/2017,4/10/2017,1,342,PREFB17
SM-7IWF9,Study sample,0100_XAV_iHMP2_LIP_SM-7IWF9.raw,,4/6/2017,4/7/2017,1,107,PREFB06
SM-7IWFL,Study sample,0005_XAV_iHMP2_LIP_SM-7IWFL.raw,,4/5/2017,4/6/2017,1,5,PREFB02
SM-7J5TO,Study sample,0209_XAV_iHMP2_LIP_SM-7J5TO.raw,,4/7/2017,4/9/2017,1,224,PREFB11
SM-7J5TW,Study sample,0429_XAV_iHMP2_LIP_SM-7J5TW.raw,,4/11/2017,4/12/2017,1,464,PREFB22
SM-7J5U1,Study sample,0331_XAV_iHMP2_LIP_SM-7J5U1.raw,,4/10/2017,4/11/2017,1,352,PREFB18
SM-7J5UD,Study sample,0453_XAV_iHMP2_LIP_SM-7J5UD.raw,,4/11/2017,4/12/2017,1,490,PREFB24
SM-7K1UO,Study sample,0201_XAV_iHMP2_LIP_SM-7K1UO.raw,,4/7/2017,4/8/2017,1,216,PREFB11
SM-7K1UW,Study sample,0281_XAV_iHMP2_LIP_SM-7K1UW.raw,,4/7/2017,4/10/2017,1,301,PREFB15
SM-7K1V1,Study sample,0324_XAV_iHMP2_LIP_SM-7K1V1.raw,,4/10/2017,4/10/2017,1,348,PREFB17
SM-7K1V5,Study sample,0252_XAV_iHMP2_LIP_SM-7K1V5.raw,,4/7/2017,4/9/2017,1,269,PREFB14
SM-7K1V9,Study sample,0390a_0346ri_XAV_iHMP2_LIP_SM-7K1V9.raw,reinj,4/10/2017,4/11/2017,1,421,PREFB21
SM-7K1VZ,Study sample,0207_XAV_iHMP2_LIP_SM-7K1VZ.raw,,4/7/2017,4/9/2017,1,222,PREFB11
SM-7K1W8,Study sample,0337_XAV_iHMP2_LIP_SM-7K1W8.raw,,4/10/2017,4/11/2017,1,358,PREFB18
SM-7K1WG,Study sample,0163_XAV_iHMP2_LIP_SM-7K1WG.raw,,4/6/2017,4/8/2017,1,172,PREFB09
SM-7K259,Study sample,0397_XAV_iHMP2_LIP_SM-7K259.raw,,4/11/2017,4/12/2017,1,428,PREFB21
SM-7KMR8,Study sample,0066_XAV_iHMP2_LIP_SM-7KMR8.raw,,4/5/2017,4/6/2017,1,72,PREFB04
SM-7M36P,Study sample,0262_XAV_iHMP2_LIP_SM-7M36P.raw,,4/7/2017,4/9/2017,1,281,PREFB14
SM-7M8S2,Study sample,0351_XAV_iHMP2_LIP_SM-7M8S2.raw,,4/10/2017,4/11/2017,1,373,PREFB19
SM-7M8SE,Study sample,0046_XAV_iHMP2_LIP_SM-7M8SE.raw,,4/5/2017,4/6/2017,1,50,PREFB03
SM-7MCTQ,Study sample,0434_XAV_iHMP2_LIP_SM-7MCTQ.raw,,4/11/2017,4/12/2017,1,469,PREFB23
SM-7MCUF,Study sample,0411_XAV_iHMP2_LIP_SM-7MCUF.raw,,4/11/2017,4/12/2017,1,444,PREFB22
SM-7NH6E,Study sample,0235_XAV_iHMP2_LIP_SM-7NH6E.raw,,4/7/2017,4/9/2017,1,252,PREFB12
SM-7NSP1,Study sample,0448_XAV_iHMP2_LIP_SM-7NSP1.raw,,4/11/2017,4/12/2017,1,485,PREFB23
SM-7R3AC,Study sample,0475_XAV_iHMP2_LIP_SM-7R3AC.raw,,4/12/2017,4/13/2017,1,514,PREFB25
SM-7R3AG,Study sample,0334_XAV_iHMP2_LIP_SM-7R3AG.raw,,4/10/2017,4/11/2017,1,355,PREFB18
SM-7RFYJ,Study sample,0310a_0290_XAVri_iHMP2_LIP_SM-7RFYJ.raw,reinj,4/7/2017,4/10/2017,1,333,PREFB16
SM-9HYXZ,Study sample,0486_XAV_iHMP2_LIP_SM-9HYXZ.raw,,4/12/2017,4/13/2017,1,527,PREFB25
SM-9IMBZ,Study sample,0321_XAV_iHMP2_LIP_SM-9IMBZ.raw,,4/10/2017,4/10/2017,1,346,PREFB17
SM-9IT11,Study sample,0269_XAV_iHMP2_LIP_SM-9IT11.raw,,4/7/2017,4/9/2017,1,288,PREFB14
SM-9J5IT,Study sample,0369_XAV_iHMP2_LIP_SM-9J5IT.raw,,4/10/2017,4/11/2017,1,393,PREFB19
SM-9J5IX,Study sample,0255_XAV_iHMP2_LIP_SM-9J5IX.raw,,4/7/2017,4/9/2017,1,272,PREFB14
SM-9JUD6,Study sample,0071_XAV_iHMP2_LIP_SM-9JUD6.raw,,4/5/2017,4/7/2017,1,77,PREFB05
SM-9JYA2,Study sample,0310a_0283_XAVri_iHMP2_LIP_SM-9JYA2.raw,reinj,4/7/2017,4/10/2017,1,330,PREFB16
SM-9JYAI,Study sample,0173_XAV_iHMP2_LIP_SM-9JYAI.raw,,4/6/2017,4/8/2017,1,182,PREFB10
SM-9KOMO,Study sample,0143_XAV_iHMP2_LIP_SM-9KOMO.raw,,4/6/2017,4/8/2017,1,150,PREFB08
SM-9KOPV,Study sample,0098_XAV_iHMP2_LIP_SM-9KOPV.raw,,4/6/2017,4/7/2017,1,105,PREFB06
SM-9NBDO,Study sample,0218_XAV_iHMP2_LIP_SM-9NBDO.raw,,4/7/2017,4/9/2017,1,233,PREFB12
SM-9NBE1,Study sample,0310_XAV_iHMP2_LIP_SM-9NBE1.raw,,4/7/2017,4/10/2017,1,325,PREFB16
SM-9NBEP,Study sample,0179_XAV_iHMP2_LIP_SM-9NBEP.raw,,4/6/2017,4/8/2017,1,188,PREFB10
SM-9NBF6,Study sample,0445_XAV_iHMP2_LIP_SM-9NBF6.raw,,4/11/2017,4/12/2017,1,482,PREFB23
SM-9O9R1,Study sample,0457_XAV_iHMP2_LIP_SM-9O9R1.raw,,4/11/2017,4/12/2017,1,494,PREFB24
SM-9OS5Y,Study sample,0069_XAV_iHMP2_LIP_SM-9OS5Y.raw,,4/5/2017,4/6/2017,1,75,PREFB04
SM-9OS63,Study sample,0198_XAV_iHMP2_LIP_SM-9OS63.raw,,4/7/2017,4/8/2017,1,211,PREFB11
SM-9OS67,Study sample,0536_XAV_iHMP2_LIP_SM-9OS67.raw,,4/12/2017,4/14/2017,1,580,PREFB28
SM-9OS6B,Study sample,0130_XAV_iHMP2_LIP_SM-9OS6B.raw,,4/6/2017,4/7/2017,1,136,PREFB08
SM-9OS7N,Study sample,0487_XAV_iHMP2_LIP_SM-9OS7N.raw,,4/12/2017,4/13/2017,1,528,PREFB25
SM-9OS7Z,Study sample,0057_XAV_iHMP2_LIP_SM-9OS7Z.raw,,4/5/2017,4/6/2017,1,61,PREFB04
SM-9OS8G,Study sample,0048_XAV_iHMP2_LIP_SM-9OS8G.raw,,4/5/2017,4/6/2017,1,52,PREFB03
SM-9OS8K,Study sample,0544_XAV_iHMP2_LIP_SM-9OS8K.raw,,4/12/2017,4/14/2017,1,589,PREFB28
SM-9P5FG,Study sample,0427_XAV_iHMP2_LIP_SM-9P5FG.raw,,4/11/2017,4/12/2017,1,462,PREFB22
SM-9P5FO,Study sample,0213_XAV_iHMP2_LIP_SM-9P5FO.raw,,4/7/2017,4/9/2017,1,228,PREFB12
SM-9P5FW,Study sample,0170_XAV_iHMP2_LIP_SM-9P5FW.raw,,4/6/2017,4/8/2017,1,179,PREFB09
SM-9PJ16,Study sample,0076_XAV_iHMP2_LIP_SM-9PJ16.raw,,4/5/2017,4/7/2017,1,82,PREFB05
SM-9PJ1E,Study sample,0041_XAV_iHMP2_LIP_SM-9PJ1E.raw,,4/5/2017,4/6/2017,1,45,PREFB03
SM-9PJ1I,Study sample,0125_XAV_iHMP2_LIP_SM-9PJ1I.raw,,4/6/2017,4/7/2017,1,132,PREFB08
SM-9PPUW,Study sample,0004_XAV_iHMP2_LIP_SM-9PPUW.raw,,4/5/2017,4/6/2017,1,4,PREFB02
SM-9QMN9,Study sample,0015_XAV_iHMP2_LIP_SM-9QMN9.raw,,4/5/2017,4/6/2017,1,15,PREFB02
SM-9QMND,Study sample,0310a_0289_XAVri_iHMP2_LIP_SM-9QMND.raw,reinj,4/7/2017,4/10/2017,1,332,PREFB16
SM-9QMNL,Study sample,0343_XAV_iHMP2_LIP_SM-9QMNL.raw,,4/10/2017,4/11/2017,1,366,PREFB18
SM-9QMOR,Study sample,0151_XAV_iHMP2_LIP_SM-9QMOR.raw,,4/6/2017,4/8/2017,1,158,PREFB09
SM-9QMQ9,Study sample,0402_XAV_iHMP2_LIP_SM-9QMQ9.raw,,4/11/2017,4/12/2017,1,435,PREFB21
SM-9QVJX,Study sample,0285_XAV_iHMP2_LIP_SM-9QVJX.raw,,4/7/2017,4/10/2017,1,304,PREFB15
SM-9QVK2,Study sample,0021_XAV_iHMP2_LIP_SM-9QVK2.raw,,4/5/2017,4/6/2017,1,23,PREFB02
SM-9QXOC,Study sample,0400_XAV_iHMP2_LIP_SM-9QXOC.raw,,4/11/2017,4/12/2017,1,431,PREFB21
SM-9R78F,Study sample,0233_XAV_iHMP2_LIP_SM-9R78F.raw,,4/7/2017,4/9/2017,1,250,PREFB12
SM-9RD3C,Study sample,0478_XAV_iHMP2_LIP_SM-9RD3C.raw,,4/12/2017,4/13/2017,1,517,PREFB25
SM-9RD3K,Study sample,0185_XAV_iHMP2_LIP_SM-9RD3K.raw,,4/6/2017,4/8/2017,1,196,PREFB10
SM-9RRZH,Study sample,0395_XAV_iHMP2_LIP_SM-9RRZH.raw,,4/11/2017,4/12/2017,1,426,PREFB21
SM-9RRZL,Study sample,0349_XAV_iHMP2_LIP_SM-9RRZL.raw,,4/10/2017,4/11/2017,1,371,PREFB18
SM-9RRZP,Study sample,0413_XAV_iHMP2_LIP_SM-9RRZP.raw,,4/11/2017,4/12/2017,1,446,PREFB22
SM-9RTUR,Study sample,0114_XAV_iHMP2_LIP_SM-9RTUR.raw,,4/6/2017,4/7/2017,1,122,PREFB08
SM-9RTUZ,Study sample,0390a_0326ri_XAV_iHMP2_LIP_SM-9RTUZ.raw,reinj,4/10/2017,4/11/2017,1,418,PREFB20
SM-9RTV8,Study sample,0042_XAV_iHMP2_LIP_SM-9RTV8.raw,,4/5/2017,4/6/2017,1,46,PREFB03
SM-9RYI7,Study sample,0550d_0510ri_XAV_iHMP2_LIP_SM-9RYI7.raw,,4/12/2017,4/14/2017,1,597,PREFB29
SM-9SD8V,Study sample,0099_XAV_iHMP2_LIP_SM-9SD8V.raw,,4/6/2017,4/7/2017,1,106,PREFB06
SM-9SIIW,Study sample,0428_XAV_iHMP2_LIP_SM-9SIIW.raw,,4/11/2017,4/12/2017,1,463,PREFB22
SM-9SIJ5,Study sample,0164_XAV_iHMP2_LIP_SM-9SIJ5.raw,,4/6/2017,4/8/2017,1,173,PREFB09
SM-9SIJB,Study sample,0181_XAV_iHMP2_LIP_SM-9SIJB.raw,,4/6/2017,4/8/2017,1,192,PREFB10
SM-9SIZI,Study sample,0333_XAV_iHMP2_LIP_SM-9SIZI.raw,,4/10/2017,4/11/2017,1,354,PREFB18
SM-9SIZM,Study sample,0204_XAV_iHMP2_LIP_SM-9SIZM.raw,,4/7/2017,4/9/2017,1,219,PREFB11
SM-9SKIL,Study sample,0031_XAV_iHMP2_LIP_SM-9SKIL.raw,,4/5/2017,4/6/2017,1,33,PREFB02
SM-9SNJ4,Study sample,0433_XAV_iHMP2_LIP_SM-9SNJ4.raw,,4/11/2017,4/12/2017,1,468,PREFB23
SM-9SNJ8,Study sample,0256_XAV_iHMP2_LIP_SM-9SNJ8.raw,,4/7/2017,4/9/2017,1,273,PREFB14
SM-9T55H,Study sample,0221_XAV_iHMP2_LIP_SM-9T55H.raw,,4/7/2017,4/9/2017,1,238,PREFB12
SM-9T55L,Study sample,0450_XAV_iHMP2_LIP_SM-9T55L.raw,,4/11/2017,4/12/2017,1,487,PREFB23
SM-9U25X,Study sample,0363_XAV_iHMP2_LIP_SM-9U25X.raw,,4/10/2017,4/11/2017,1,387,PREFB19
SM-9U262,Study sample,0476_XAV_iHMP2_LIP_SM-9U262.raw,,4/12/2017,4/13/2017,1,515,PREFB25
SM-9U26Q,Study sample,0228_XAV_iHMP2_LIP_SM-9U26Q.raw,,4/7/2017,4/9/2017,1,245,PREFB12
SM-9UCZF,Study sample,0171_XAV_iHMP2_LIP_SM-9UCZF.raw,,4/6/2017,4/8/2017,1,180,PREFB10
SM-9UW5S,Study sample,0127_XAV_iHMP2_LIP_SM-9UW5S.raw,,4/6/2017,4/7/2017,1,134,PREFB08
SM-9VE4Y,Study sample,0388_XAV_iHMP2_LIP_SM-9VE4Y.raw,,4/10/2017,4/11/2017,1,413,PREFB20
SM-9VW8T,Study sample,0365_XAV_iHMP2_LIP_SM-9VW8T.raw,,4/10/2017,4/11/2017,1,389,PREFB19
SM-9VW8X,Study sample,0073_XAV_iHMP2_LIP_SM-9VW8X.raw,,4/5/2017,4/7/2017,1,79,PREFB05
SM-9VWAW,Study sample,0310a_0288_XAVri_iHMP2_LIP_SM-9VWAW.raw,reinj,4/7/2017,4/10/2017,1,331,PREFB16
SM-9VWC6,Study sample,0494_XAV_iHMP2_LIP_SM-9VWC6.raw,,4/12/2017,4/13/2017,1,535,PREFB26
SM-9VWCE,Study sample,0403_XAV_iHMP2_LIP_SM-9VWCE.raw,,4/11/2017,4/12/2017,1,436,PREFB21
SM-9VWCQ,Study sample,0154_XAV_iHMP2_LIP_SM-9VWCQ.raw,,4/6/2017,4/8/2017,1,161,PREFB09
SM-9W3AD,Study sample,0019_XAV_iHMP2_LIP_SM-9W3AD.raw,,4/5/2017,4/6/2017,1,19,PREFB02
SM-9W3AZ,Study sample,0147_XAV_iHMP2_LIP_SM-9W3AZ.raw,,4/6/2017,4/8/2017,1,154,PREFB09
SM-9W3B4,Study sample,0345_XAV_iHMP2_LIP_SM-9W3B4.raw,,4/10/2017,4/11/2017,1,368,PREFB18
SM-9W7VZ,Study sample,0249_XAV_iHMP2_LIP_SM-9W7VZ.raw,,4/7/2017,4/9/2017,1,266,PREFB14
SM-9W7W4,Study sample,0390_XAV_iHMP2_LIP_SM-9W7W4.raw,,4/10/2017,4/11/2017,1,415,PREFB20
SM-9W7W8,Study sample,0078_XAV_iHMP2_LIP_SM-9W7W8.raw,,4/5/2017,4/7/2017,1,84,PREFB05
SM-9WOBD,Study sample,0490_XAV_iHMP2_LIP_SM-9WOBD.raw,,4/12/2017,4/13/2017,1,531,PREFB25
SM-9WOBP,Study sample,0051_XAV_iHMP2_LIP_SM-9WOBP.raw,,4/5/2017,4/6/2017,1,55,PREFB04
SM-9WOBT,Study sample,0007_XAV_iHMP2_LIP_SM-9WOBT.raw,,4/5/2017,4/6/2017,1,7,PREFB02
SM-9WYEF,Study sample,0263_XAV_iHMP2_LIP_SM-9WYEF.raw,,4/7/2017,4/9/2017,1,282,PREFB14
SM-9X47O,Study sample,0508_XAV_iHMP2_LIP_SM-9X47O.raw,,4/12/2017,4/13/2017,1,551,PREFB26
SM-9XIOJ,Study sample,0035_XAV_iHMP2_LIP_SM-9XIOJ.raw,,4/5/2017,4/6/2017,1,37,PREFB02
SM-9XIOX,Study sample,0539_XAV_iHMP2_LIP_SM-9XIOX.raw,,4/12/2017,4/14/2017,1,583,PREFB28
SM-9XKWX,Study sample,0311_XAV_iHMP2_LIP_SM-9XKWX.raw,,4/10/2017,4/10/2017,1,335,PREFB17
SM-9Y49Z,Study sample,0538_XAV_iHMP2_LIP_SM-9Y49Z.raw,,4/12/2017,4/14/2017,1,582,PREFB28
SM-9Y4AC,Study sample,0038_XAV_iHMP2_LIP_SM-9Y4AC.raw,,4/5/2017,4/6/2017,1,40,PREFB02
SM-9Y7CW,Study sample,0197_XAV_iHMP2_LIP_SM-9Y7CW.raw,,4/7/2017,4/8/2017,1,210,PREFB11
SM-9YHLB,Study sample,0056_XAV_iHMP2_LIP_SM-9YHLB.raw,,4/5/2017,4/6/2017,1,60,PREFB04
SM-9YTMA,Study sample,0454_XAV_iHMP2_LIP_SM-9YTMA.raw,,4/11/2017,4/12/2017,1,491,PREFB24
SM-9ZA1W,Study sample,0167_XAV_iHMP2_LIP_SM-9ZA1W.raw,,4/6/2017,4/8/2017,1,176,PREFB09
SM-9ZA5J,Study sample,0404_XAV_iHMP2_LIP_SM-9ZA5J.raw,,4/11/2017,4/12/2017,1,437,PREFB21
SM-9ZA5V,Study sample,0161_XAV_iHMP2_LIP_SM-9ZA5V.raw,,4/6/2017,4/8/2017,1,170,PREFB09
SM-9ZE8H,Study sample,0258_XAV_iHMP2_LIP_SM-9ZE8H.raw,,4/7/2017,4/9/2017,1,275,PREFB14
SM-9ZE8P,Study sample,0135_XAV_iHMP2_LIP_SM-9ZE8P.raw,,4/6/2017,4/7/2017,1,140,PREFB08
SM-9ZE8T,Study sample,0446_XAV_iHMP2_LIP_SM-9ZE8T.raw,,4/11/2017,4/12/2017,1,483,PREFB23
SM-9ZEPA,Study sample,0020_XAV_iHMP2_LIP_SM-9ZEPA.raw,,4/5/2017,4/6/2017,1,20,PREFB02
SM-9ZGIF,Study sample,0498_XAV_iHMP2_LIP_SM-9ZGIF.raw,,4/12/2017,4/13/2017,1,539,PREFB26
SM-9ZJIA,Study sample,0355_XAV_iHMP2_LIP_SM-9ZJIA.raw,,4/10/2017,4/11/2017,1,377,PREFB19
SM-9ZJII,Study sample,0144_XAV_iHMP2_LIP_SM-9ZJII.raw,,4/6/2017,4/8/2017,1,151,PREFB08
SM-9ZK9F,Study sample,0231_XAV_iHMP2_LIP_SM-9ZK9F.raw,,4/7/2017,4/9/2017,1,248,PREFB12
SM-A12KH,Study sample,0483_XAV_iHMP2_LIP_SM-A12KH.raw,,4/12/2017,4/13/2017,1,524,PREFB25
SM-A12KL,Study sample,0390a_0328ri_XAV_iHMP2_LIP_SM-A12KL.raw,reinj,4/10/2017,4/11/2017,1,420,PREFB21
SM-A12L2,Study sample,0350_XAV_iHMP2_LIP_SM-A12L2.raw,,4/10/2017,4/11/2017,1,372,PREFB18
SM-A14C6,Study sample,0364_XAV_iHMP2_LIP_SM-A14C6.raw,,4/10/2017,4/11/2017,1,388,PREFB19
SM-A14CI,Study sample,0149_XAV_iHMP2_LIP_SM-A14CI.raw,,4/6/2017,4/8/2017,1,156,PREFB09
SM-A14CQ,Study sample,0458_XAV_iHMP2_LIP_SM-A14CQ.raw,,4/11/2017,4/12/2017,1,495,PREFB24
SM-A18YS,Study sample,0515_XAV_iHMP2_LIP_SM-A18YS.raw,,4/12/2017,4/13/2017,1,557,PREFB27
SM-A18Z1,Study sample,0190b_0110ri_XAV_iHMP2_LIP_SM-A18Z1.raw,,4/6/2017,4/8/2017,1,203,PREFB11
SM-A1C87,Study sample,0214_XAV_iHMP2_LIP_SM-A1C87.raw,,4/7/2017,4/9/2017,1,229,PREFB12
SM-A1ZUY,Study sample,0065_XAV_iHMP2_LIP_SM-A1ZUY.raw,,4/5/2017,4/6/2017,1,71,PREFB04
SM-A1ZVJ,Study sample,0180_XAV_iHMP2_LIP_SM-A1ZVJ.raw,,4/6/2017,4/8/2017,1,189,PREFB10
SM-A2BG6,Study sample,0206_XAV_iHMP2_LIP_SM-A2BG6.raw,,4/7/2017,4/9/2017,1,221,PREFB11
SM-A2HYM,Study sample,0425_XAV_iHMP2_LIP_SM-A2HYM.raw,,4/11/2017,4/12/2017,1,460,PREFB22
SM-A2HYU,Study sample,0212_XAV_iHMP2_LIP_SM-A2HYU.raw,,4/7/2017,4/9/2017,1,227,PREFB12
SM-A2HYY,Study sample,0545_XAV_iHMP2_LIP_SM-A2HYY.raw,,4/12/2017,4/14/2017,1,590,PREFB28
SM-A312T,Study sample,0013_XAV_iHMP2_LIP_SM-A312T.raw,,4/5/2017,4/6/2017,1,13,PREFB02
SM-A373R,Study sample,0045_XAV_iHMP2_LIP_SM-A373R.raw,,4/5/2017,4/6/2017,1,49,PREFB03
SM-A3744,Study sample,0226_XAV_iHMP2_LIP_SM-A3744.raw,,4/7/2017,4/9/2017,1,243,PREFB12
SM-A375P,Study sample,0550e_0543ri_XAV_iHMP2_LIP_SM-A375P.raw,,4/12/2017,4/14/2017,1,598,PREFB29
SM-A3J7F,Study sample,0101_XAV_iHMP2_LIP_SM-A3J7F.raw,,4/6/2017,4/7/2017,1,110,PREFB06
SM-A47RS,Study sample,0089_XAV_iHMP2_LIP_SM-A47RS.raw,,4/5/2017,4/7/2017,1,96,PREFB05
SM-A47S3,Study sample,0463_XAV_iHMP2_LIP_SM-A47S3.raw,,4/11/2017,4/13/2017,1,502,PREFB24
SM-A4O3C,Study sample,0479_XAV_iHMP2_LIP_SM-A4O3C.raw,,4/12/2017,4/13/2017,1,518,PREFB25
SM-A4UVT,Study sample,0394_XAV_iHMP2_LIP_SM-A4UVT.raw,,4/11/2017,4/12/2017,1,425,PREFB21
SM-A5A1N,Study sample,0202_XAV_iHMP2_LIP_SM-A5A1N.raw,,4/7/2017,4/8/2017,1,217,PREFB11
SM-A5A1R,Study sample,0034_XAV_iHMP2_LIP_SM-A5A1R.raw,,4/5/2017,4/6/2017,1,36,PREFB02
SM-A5A1V,Study sample,0230_XAV_iHMP2_LIP_SM-A5A1V.raw,,4/7/2017,4/9/2017,1,247,PREFB12
SM-A5QMX,Study sample,0493_XAV_iHMP2_LIP_SM-A5QMX.raw,,4/12/2017,4/13/2017,1,534,PREFB26
SM-A5QN2,Study sample,0072_XAV_iHMP2_LIP_SM-A5QN2.raw,,4/5/2017,4/7/2017,1,78,PREFB05
SM-A5QNE,Study sample,0011_XAV_iHMP2_LIP_SM-A5QNE.raw,,4/5/2017,4/6/2017,1,11,PREFB02
SM-A61QC,Study sample,0512_XAV_iHMP2_LIP_SM-A61QC.raw,,4/12/2017,4/13/2017,1,554,PREFB27
SM-A61QG,Study sample,0126_XAV_iHMP2_LIP_SM-A61QG.raw,,4/6/2017,4/7/2017,1,133,PREFB08
SM-A62BX,Study sample,0050_XAV_iHMP2_LIP_SM-A62BX.raw,,4/5/2017,4/6/2017,1,54,PREFB03
SM-A72E7,Study sample,0390a_0315ri_XAV_iHMP2_LIP_SM-A72E7.raw,reinj,4/10/2017,4/11/2017,1,416,PREFB20
SM-A77UE,Study sample,0106_XAV_iHMP2_LIP_SM-A77UE.raw,,4/6/2017,4/7/2017,1,115,PREFB06
SM-A77UI,Study sample,0254_XAV_iHMP2_LIP_SM-A77UI.raw,,4/7/2017,4/9/2017,1,271,PREFB14
SM-A77UY,Study sample,0184_XAV_iHMP2_LIP_SM-A77UY.raw,,4/6/2017,4/8/2017,1,195,PREFB10
SM-A77WI,Study sample,0357_XAV_iHMP2_LIP_SM-A77WI.raw,,4/10/2017,4/11/2017,1,379,PREFB19
SM-A7J1H,Study sample,0287_XAV_iHMP2_LIP_SM-A7J1H.raw,,4/7/2017,4/10/2017,1,306,PREFB15
SM-A7J1L,Study sample,0033_XAV_iHMP2_LIP_SM-A7J1L.raw,,4/5/2017,4/6/2017,1,35,PREFB02
SM-A7J1X,Study sample,0022_XAV_iHMP2_LIP_SM-A7J1X.raw,,4/5/2017,4/6/2017,1,24,PREFB02
SM-A8MJS,Study sample,0389_XAV_iHMP2_LIP_SM-A8MJS.raw,,4/10/2017,4/11/2017,1,414,PREFB20
SM-A8XLM,Study sample,0451_XAV_iHMP2_LIP_SM-A8XLM.raw,,4/11/2017,4/12/2017,1,488,PREFB24
SM-A9F53,Study sample,0137_XAV_iHMP2_LIP_SM-A9F53.raw,,4/6/2017,4/7/2017,1,142,PREFB08
SM-A9F5B,Study sample,0308_XAV_iHMP2_LIP_SM-A9F5B.raw,,4/7/2017,4/10/2017,1,323,PREFB16
SM-A9F5R,Study sample,0367_XAV_iHMP2_LIP_SM-A9F5R.raw,,4/10/2017,4/11/2017,1,391,PREFB19
SM-A9F6G,Study sample,0330_XAV_iHMP2_LIP_SM-A9F6G.raw,,4/10/2017,4/11/2017,1,351,PREFB17
SM-A9F71,Study sample,0408_XAV_iHMP2_LIP_SM-A9F71.raw,,4/11/2017,4/12/2017,1,441,PREFB21
SM-A9F75,Study sample,0547_XAV_iHMP2_LIP_SM-A9F75.raw,,4/12/2017,4/14/2017,1,591,PREFB28
SM-A9J97,Study sample,0169_XAV_iHMP2_LIP_SM-A9J97.raw,,4/6/2017,4/8/2017,1,178,PREFB09
SM-A9J9N,Study sample,0342_XAV_iHMP2_LIP_SM-A9J9N.raw,,4/10/2017,4/11/2017,1,365,PREFB18
SM-A9VSE,Study sample,0079_XAV_iHMP2_LIP_SM-A9VSE.raw,,4/5/2017,4/7/2017,1,85,PREFB05
SM-AADKW,Study sample,0390a_0327ri_XAV_iHMP2_LIP_SM-AADKW.raw,reinj,4/10/2017,4/11/2017,1,419,PREFB20
SM-AADL1,Study sample,0055_XAV_iHMP2_LIP_SM-AADL1.raw,,4/5/2017,4/6/2017,1,59,PREFB04
SM-AAHYA,Study sample,0513_XAV_iHMP2_LIP_SM-AAHYA.raw,,4/12/2017,4/13/2017,1,555,PREFB27
SM-AAHYE,Study sample,0216_XAV_iHMP2_LIP_SM-AAHYE.raw,,4/7/2017,4/9/2017,1,231,PREFB12
SM-ACTNE,Study sample,0502_XAV_iHMP2_LIP_SM-ACTNE.raw,,4/12/2017,4/13/2017,1,545,PREFB26
SM-ACTNU,Study sample,0211_XAV_iHMP2_LIP_SM-ACTNU.raw,,4/7/2017,4/9/2017,1,226,PREFB12
SM-ACTNY,Study sample,0067_XAV_iHMP2_LIP_SM-ACTNY.raw,,4/5/2017,4/6/2017,1,73,PREFB04
SM-ACTOF,Study sample,0032_XAV_iHMP2_LIP_SM-ACTOF.raw,,4/5/2017,4/6/2017,1,34,PREFB02
SM-ADDEW,Study sample,0501_XAV_iHMP2_LIP_SM-ADDEW.raw,,4/12/2017,4/13/2017,1,544,PREFB26
SM-ADDF5,Study sample,0298_XAV_iHMP2_LIP_SM-ADDF5.raw,,4/7/2017,4/10/2017,1,313,PREFB16
SM-ADICO,Study sample,0232_XAV_iHMP2_LIP_SM-ADICO.raw,,4/7/2017,4/9/2017,1,249,PREFB12
SM-ADID5,Study sample,0312_XAV_iHMP2_LIP_SM-ADID5.raw,,4/10/2017,4/10/2017,1,336,PREFB17
SM-ADYKC,Study sample,0200_XAV_iHMP2_LIP_SM-ADYKC.raw,,4/7/2017,4/8/2017,1,213,PREFB11
SM-AE3QV,Study sample,0519_XAV_iHMP2_LIP_SM-AE3QV.raw,,4/12/2017,4/13/2017,1,561,PREFB27
SM-AE3RC,Study sample,0362_XAV_iHMP2_LIP_SM-AE3RC.raw,,4/10/2017,4/11/2017,1,386,PREFB19
SM-AEB6U,Study sample,0227_XAV_iHMP2_LIP_SM-AEB6U.raw,,4/7/2017,4/9/2017,1,244,PREFB12
SM-AF6M6,Study sample,0205_XAV_iHMP2_LIP_SM-AF6M6.raw,,4/7/2017,4/9/2017,1,220,PREFB11
SM-AF6MI,Study sample,0088_XAV_iHMP2_LIP_SM-AF6MI.raw,,4/5/2017,4/7/2017,1,95,PREFB05
SM-AF6MY,Study sample,0111_XAV_iHMP2_LIP_SM-AF6MY.raw,,4/6/2017,4/7/2017,1,119,PREFB06
SM-AF6NB,Study sample,0396_XAV_iHMP2_LIP_SM-AF6NB.raw,,4/11/2017,4/12/2017,1,427,PREFB21
SM-AFCK9,Study sample,0533_XAV_iHMP2_LIP_SM-AFCK9.raw,,4/12/2017,4/14/2017,1,577,PREFB28
SM-AFCKD,Study sample,0401_XAV_iHMP2_LIP_SM-AFCKD.raw,,4/11/2017,4/12/2017,1,434,PREFB21
SM-AFCKH,Study sample,0023_XAV_iHMP2_LIP_SM-AFCKH.raw,,4/5/2017,4/6/2017,1,25,PREFB02
SM-AFJ1N,Study sample,0484_XAV_iHMP2_LIP_SM-AFJ1N.raw,,4/12/2017,4/13/2017,1,525,PREFB25
SM-AFSHZ,Study sample,0523_XAV_iHMP2_LIP_SM-AFSHZ.raw,,4/12/2017,4/14/2017,1,567,PREFB27
SM-AFSIG,Study sample,0461_XAV_iHMP2_LIP_SM-AFSIG.raw,,4/11/2017,4/13/2017,1,500,PREFB24
SM-AFSIK,Study sample,0352_XAV_iHMP2_LIP_SM-AFSIK.raw,,4/10/2017,4/11/2017,1,374,PREFB19
SM-AFSIO,Study sample,0455_XAV_iHMP2_LIP_SM-AFSIO.raw,,4/11/2017,4/12/2017,1,492,PREFB24
SM-AG2E3,Study sample,0108_XAV_iHMP2_LIP_SM-AG2E3.raw,,4/6/2017,4/7/2017,1,117,PREFB06
SM-AG78Z,Study sample,0097_XAV_iHMP2_LIP_SM-AG78Z.raw,,4/6/2017,4/7/2017,1,104,PREFB06
SM-AGULV,Study sample,0405_XAV_iHMP2_LIP_SM-AGULV.raw,,4/11/2017,4/12/2017,1,438,PREFB21
SM-AGUMC,Study sample,0542_XAV_iHMP2_LIP_SM-AGUMC.raw,,4/12/2017,4/14/2017,1,588,PREFB28
SM-AGUMK,Study sample,0146_XAV_iHMP2_LIP_SM-AGUMK.raw,,4/6/2017,4/8/2017,1,153,PREFB09
SM-AGUN1,Study sample,0495_XAV_iHMP2_LIP_SM-AGUN1.raw,,4/12/2017,4/13/2017,1,536,PREFB26
SM-AGUN5,Study sample,0077_XAV_iHMP2_LIP_SM-AGUN5.raw,,4/5/2017,4/7/2017,1,83,PREFB05
SM-AGUND,Study sample,0177_XAV_iHMP2_LIP_SM-AGUND.raw,,4/6/2017,4/8/2017,1,186,PREFB10
SM-AGUNH,Study sample,0468_XAV_iHMP2_LIP_SM-AGUNH.raw,,4/11/2017,4/13/2017,1,507,PREFB24
SM-AHF2E,Study sample,0063_XAV_iHMP2_LIP_SM-AHF2E.raw,,4/5/2017,4/6/2017,1,69,PREFB04
SM-AHUNW,Study sample,0391_XAV_iHMP2_LIP_SM-AHUNW.raw,,4/11/2017,4/11/2017,1,422,PREFB21
SM-AHUO1,Study sample,0488_XAV_iHMP2_LIP_SM-AHUO1.raw,,4/12/2017,4/13/2017,1,529,PREFB25
SM-AI38G,Study sample,0356_XAV_iHMP2_LIP_SM-AI38G.raw,,4/10/2017,4/11/2017,1,378,PREFB19
SM-AIG54,Study sample,0332_XAV_iHMP2_LIP_SM-AIG54.raw,,4/10/2017,4/11/2017,1,353,PREFB18
SM-AIG5S,Study sample,0368_XAV_iHMP2_LIP_SM-AIG5S.raw,,4/10/2017,4/11/2017,1,392,PREFB19
SM-AIG6P,Study sample,0371_XAV_iHMP2_LIP_SM-AIG6P.raw,,4/10/2017,4/11/2017,1,395,PREFB20
SM-AIG8M,Study sample,0347_XAV_iHMP2_LIP_SM-AIG8M.raw,,4/10/2017,4/11/2017,1,369,PREFB18
SM-AIRV5,Study sample,0203_XAV_iHMP2_LIP_SM-AIRV5.raw,,4/7/2017,4/8/2017,1,218,PREFB11
SM-AJC3J,Study sample,0361_XAV_iHMP2_LIP_SM-AJC3J.raw,,4/10/2017,4/11/2017,1,385,PREFB19
SM-AJDM5,Study sample,0462_XAV_iHMP2_LIP_SM-AJDM5.raw,,4/11/2017,4/13/2017,1,501,PREFB24
SM-AK8KS,Study sample,0440_XAV_iHMP2_LIP_SM-AK8KS.raw,,4/11/2017,4/12/2017,1,475,PREFB23
SM-AK8LH,Study sample,0452_XAV_iHMP2_LIP_SM-AK8LH.raw,,4/11/2017,4/12/2017,1,489,PREFB24
SM-AKTXS,Study sample,0086_XAV_iHMP2_LIP_SM-AKTXS.raw,,4/5/2017,4/7/2017,1,93,PREFB05
SM-AKTY5,Study sample,0534_XAV_iHMP2_LIP_SM-AKTY5.raw,,4/12/2017,4/14/2017,1,578,PREFB28
SM-AKTYH,Study sample,0139_XAV_iHMP2_LIP_SM-AKTYH.raw,,4/6/2017,4/7/2017,1,144,PREFB08
SM-AKTYL,Study sample,0310a_0291_XAVri_iHMP2_LIP_SM-AKTYL.raw,reinj,4/7/2017,4/10/2017,1,334,PREFB16
SM-AKTYX,Study sample,0307_XAV_iHMP2_LIP_SM-AKTYX.raw,,4/7/2017,4/10/2017,1,322,PREFB16
SM-AKTZI,Study sample,0548_XAV_iHMP2_LIP_SM-AKTZI.raw,,4/12/2017,4/14/2017,1,592,PREFB28
SM-AM1I6,Study sample,0485_XAV_iHMP2_LIP_SM-AM1I6.raw,,4/12/2017,4/13/2017,1,526,PREFB25
SM-AMR2U,Study sample,0257_XAV_iHMP2_LIP_SM-AMR2U.raw,,4/7/2017,4/9/2017,1,274,PREFB14
SM-AMR37,Study sample,0393_XAV_iHMP2_LIP_SM-AMR37.raw,,4/11/2017,4/12/2017,1,424,PREFB21
SM-AMR3J,Study sample,0437_XAV_iHMP2_LIP_SM-AMR3J.raw,,4/11/2017,4/12/2017,1,472,PREFB23
SM-AN5FR,Study sample,0061_XAV_iHMP2_LIP_SM-AN5FR.raw,,4/5/2017,4/6/2017,1,67,PREFB04
SM-AN5FZ,Study sample,0524_XAV_iHMP2_LIP_SM-AN5FZ.raw,,4/12/2017,4/14/2017,1,568,PREFB27
SM-APDWQ,Study sample,0243_XAV_iHMP2_LIP_SM-APDWQ.raw,,4/7/2017,4/9/2017,1,260,PREFB14
SM-APDXF,Study sample,0409_XAV_iHMP2_LIP_SM-APDXF.raw,,4/11/2017,4/12/2017,1,442,PREFB21
SM-APDY4,Study sample,0182_XAV_iHMP2_LIP_SM-APDY4.raw,,4/6/2017,4/8/2017,1,193,PREFB10
SM-APR9M,Study sample,0168_XAV_iHMP2_LIP_SM-APR9M.raw,,4/6/2017,4/8/2017,1,177,PREFB09
SM-APR9Q,Study sample,0506_XAV_iHMP2_LIP_SM-APR9Q.raw,,4/12/2017,4/13/2017,1,549,PREFB26
SM-AQJXS,Study sample,0520_XAV_iHMP2_LIP_SM-AQJXS.raw,,4/12/2017,4/13/2017,1,562,PREFB27
SM-ARB69,Study sample,0499_XAV_iHMP2_LIP_SM-ARB69.raw,,4/12/2017,4/13/2017,1,540,PREFB26
SM-ARMBQ,Study sample,0104_XAV_iHMP2_LIP_SM-ARMBQ.raw,,4/6/2017,4/7/2017,1,113,PREFB06
SM-ARMBY,Study sample,0525_XAV_iHMP2_LIP_SM-ARMBY.raw,,4/12/2017,4/14/2017,1,569,PREFB27
SM-ARMC7,Study sample,0329_XAV_iHMP2_LIP_SM-ARMC7.raw,,4/10/2017,4/11/2017,1,350,PREFB17
SM-ARMCB,Study sample,0292_XAV_iHMP2_LIP_SM-ARMCB.raw,,4/7/2017,4/10/2017,1,307,PREFB16
SM-ARMDG,Study sample,0398_XAV_iHMP2_LIP_SM-ARMDG.raw,,4/11/2017,4/12/2017,1,429,PREFB21
SM-ARNW1,Study sample,0309_XAV_iHMP2_LIP_SM-ARNW1.raw,,4/7/2017,4/10/2017,1,324,PREFB16
SM-ARWVG,Study sample,0062_XAV_iHMP2_LIP_SM-ARWVG.raw,,4/5/2017,4/6/2017,1,68,PREFB04
SM-ASN2R,Study sample,0366_XAV_iHMP2_LIP_SM-ASN2R.raw,,4/10/2017,4/11/2017,1,390,PREFB19
SM-ASN2Z,Study sample,0464_XAV_iHMP2_LIP_SM-ASN2Z.raw,,4/11/2017,4/13/2017,1,503,PREFB24
SM-ATLL1,Study sample,0370_XAV_iHMP2_LIP_SM-ATLL1.raw,,4/10/2017,4/11/2017,1,394,PREFB19
SM-ATVSR,Study sample,0528_XAV_iHMP2_LIP_SM-ATVSR.raw,,4/12/2017,4/14/2017,1,572,PREFB27
SM-ATVT8,Study sample,0178_XAV_iHMP2_LIP_SM-ATVT8.raw,,4/6/2017,4/8/2017,1,187,PREFB10
SM-AU2MF,Study sample,0535_XAV_iHMP2_LIP_SM-AU2MF.raw,,4/12/2017,4/14/2017,1,579,PREFB28
SM-AUNQ5,Study sample,0514_XAV_iHMP2_LIP_SM-AUNQ5.raw,,4/12/2017,4/13/2017,1,556,PREFB27
SM-AUP8B,Study sample,0407_XAV_iHMP2_LIP_SM-AUP8B.raw,,4/11/2017,4/12/2017,1,440,PREFB21
SM-AV8JF,Study sample,0360_XAV_iHMP2_LIP_SM-AV8JF.raw,,4/10/2017,4/11/2017,1,382,PREFB19
SM-AVADD,Study sample,0091_XAV_iHMP2_LIP_SM-AVADD.raw,,4/6/2017,4/7/2017,1,98,PREFB06
SM-AVADL,Study sample,0229_XAV_iHMP2_LIP_SM-AVADL.raw,,4/7/2017,4/9/2017,1,246,PREFB12
SM-AVADT,Study sample,0438_XAV_iHMP2_LIP_SM-AVADT.raw,,4/11/2017,4/12/2017,1,473,PREFB23
SM-AVAE6,Study sample,0354_XAV_iHMP2_LIP_SM-AVAE6.raw,,4/10/2017,4/11/2017,1,376,PREFB19
SM-AVJBU,Study sample,0489_XAV_iHMP2_LIP_SM-AVJBU.raw,,4/12/2017,4/13/2017,1,530,PREFB25
SM-AVPGV,Study sample,0017_XAV_iHMP2_LIP_SM-AVPGV.raw,,4/5/2017,4/6/2017,1,17,PREFB02
SM-AVPGZ,Study sample,0456_XAV_iHMP2_LIP_SM-AVPGZ.raw,,4/11/2017,4/12/2017,1,493,PREFB24
SM-AVR6W,Study sample,0529_XAV_iHMP2_LIP_SM-AVR6W.raw,,4/12/2017,4/14/2017,1,573,PREFB27
SM-AVR79,Study sample,0496_XAV_iHMP2_LIP_SM-AVR79.raw,,4/12/2017,4/13/2017,1,537,PREFB26
SM-AW574,Study sample,0190a_0080ri_XAV_iHMP2_LIP_SM-AW574.raw,,4/5/2017,4/8/2017,1,202,PREFB10
SM-AWJJY,Study sample,0540_XAV_iHMP2_LIP_SM-AWJJY.raw,,4/12/2017,4/14/2017,1,584,PREFB28
SM-AWQK7,Study sample,0444_XAV_iHMP2_LIP_SM-AWQK7.raw,,4/11/2017,4/12/2017,1,481,PREFB23
SM-AXQRD,Study sample,0406_XAV_iHMP2_LIP_SM-AXQRD.raw,,4/11/2017,4/12/2017,1,439,PREFB21
SM-AXQRH,Study sample,0503_XAV_iHMP2_LIP_SM-AXQRH.raw,,4/12/2017,4/13/2017,1,546,PREFB26
SM-AXTSZ,Study sample,0138_XAV_iHMP2_LIP_SM-AXTSZ.raw,,4/6/2017,4/7/2017,1,143,PREFB08
SM-AXTT4,Study sample,0105_XAV_iHMP2_LIP_SM-AXTT4.raw,,4/6/2017,4/7/2017,1,114,PREFB06
SM-AYMHV,Study sample,0516_XAV_iHMP2_LIP_SM-AYMHV.raw,,4/12/2017,4/13/2017,1,558,PREFB27
SM-B1JO5,Study sample,0373_XAV_iHMP2_LIP_SM-B1JO5.raw,,4/10/2017,4/11/2017,1,397,PREFB20
SM-B1JOP,Study sample,0107_XAV_iHMP2_LIP_SM-B1JOP.raw,,4/6/2017,4/7/2017,1,116,PREFB06
SM-B1SBW,Study sample,0439_XAV_iHMP2_LIP_SM-B1SBW.raw,,4/11/2017,4/12/2017,1,474,PREFB23
SM-B2OQ7,Study sample,0497_XAV_iHMP2_LIP_SM-B2OQ7.raw,,4/12/2017,4/13/2017,1,538,PREFB26
SM-B2OQN,Study sample,0491_XAV_iHMP2_LIP_SM-B2OQN.raw,,4/12/2017,4/13/2017,1,532,PREFB26
SM-B4A4G,Study sample,0191_XAV_iHMP2_LIP_SM-B4A4G.raw,,4/7/2017,4/8/2017,1,204,PREFB11
SM-B4LHS,Study sample,0441_XAV_iHMP2_LIP_SM-B4LHS.raw,,4/11/2017,4/12/2017,1,478,PREFB23
SM-B58FG,Study sample,0314_XAV_iHMP2_LIP_SM-B58FG.raw,,4/10/2017,4/10/2017,1,338,PREFB17
SM-B58G1,Study sample,0018_XAV_iHMP2_LIP_SM-B58G1.raw,,4/5/2017,4/6/2017,1,18,PREFB02
SM-B5F8Y,Study sample,0359_XAV_iHMP2_LIP_SM-B5F8Y.raw,,4/10/2017,4/11/2017,1,381,PREFB19
SM-B5F9B,Study sample,0465_XAV_iHMP2_LIP_SM-B5F9B.raw,,4/11/2017,4/13/2017,1,504,PREFB24
SM-B5ORH,Study sample,0530_XAV_iHMP2_LIP_SM-B5ORH.raw,,4/12/2017,4/14/2017,1,574,PREFB27
SM-BYMCC,Study sample,0058_XAV_iHMP2_LIP_SM-BYMCC.raw,,4/5/2017,4/6/2017,1,62,PREFB04
SM-BZ5M6,Study sample,0517_XAV_iHMP2_LIP_SM-BZ5M6.raw,,4/12/2017,4/13/2017,1,559,PREFB27
SM-BZIQP,Study sample,0532_XAV_iHMP2_LIP_SM-BZIQP.raw,,4/12/2017,4/14/2017,1,576,PREFB28
SM-BZNKI,Study sample,0537_XAV_iHMP2_LIP_SM-BZNKI.raw,,4/12/2017,4/14/2017,1,581,PREFB28
SM-BZNLC,Study sample,0541_XAV_iHMP2_LIP_SM-BZNLC.raw,,4/12/2017,4/14/2017,1,587,PREFB28
SM-BZWMX,Study sample,0090_XAV_iHMP2_LIP_SM-BZWMX.raw,,4/5/2017,4/7/2017,1,97,PREFB05
SM-C1MZ3,Study sample,0102_XAV_iHMP2_LIP_SM-C1MZ3.raw,,4/6/2017,4/7/2017,1,111,PREFB06
SM-C1WB2,Study sample,0459_XAV_iHMP2_LIP_SM-C1WB2.raw,,4/11/2017,4/13/2017,1,496,PREFB24
SM-CE6ZH,Study sample,0504_XAV_iHMP2_LIP_SM-CE6ZH.raw,,4/12/2017,4/13/2017,1,547,PREFB26
SM-CE9V4,Study sample,0492_XAV_iHMP2_LIP_SM-CE9V4.raw,,4/12/2017,4/13/2017,1,533,PREFB26
SM-CEFO7,Study sample,0442_XAV_iHMP2_LIP_SM-CEFO7.raw,,4/11/2017,4/12/2017,1,479,PREFB23
SM-CG7AV,Study sample,0500_XAV_iHMP2_LIP_SM-CG7AV.raw,,4/12/2017,4/13/2017,1,541,PREFB26
SM-CH32H,Study sample,0505_XAV_iHMP2_LIP_SM-CH32H.raw,,4/12/2017,4/13/2017,1,548,PREFB26
SM-CH32P,Study sample,0460_XAV_iHMP2_LIP_SM-CH32P.raw,,4/11/2017,4/13/2017,1,497,PREFB24
SM-CHS72,Study sample,0103_XAV_iHMP2_LIP_SM-CHS72.raw,,4/6/2017,4/7/2017,1,112,PREFB06
SM-CHS76,Study sample,0372_XAV_iHMP2_LIP_SM-CHS76.raw,,4/10/2017,4/11/2017,1,396,PREFB20
SM-CHZLQ,Study sample,0466_XAV_iHMP2_LIP_SM-CHZLQ.raw,,4/11/2017,4/13/2017,1,505,PREFB24
SM-CJ2ZF,Study sample,0436_XAV_iHMP2_LIP_SM-CJ2ZF.raw,,4/11/2017,4/12/2017,1,471,PREFB23
SM-CJNBH,Study sample,0526_XAV_iHMP2_LIP_SM-CJNBH.raw,,4/12/2017,4/14/2017,1,570,PREFB27
SM-CKJ6T,Study sample,0521_XAV_iHMP2_LIP_SM-CKJ6T.raw,,4/12/2017,4/13/2017,1,565,PREFB27
SM-CL4HR,Study sample,0467_XAV_iHMP2_LIP_SM-CL4HR.raw,,4/11/2017,4/13/2017,1,506,PREFB24
SM-CLM5L,Study sample,0060_XAV_iHMP2_LIP_SM-CLM5L.raw,,4/5/2017,4/6/2017,1,64,PREFB04
SM-CMUKL,Study sample,0511_XAV_iHMP2_LIP_SM-CMUKL.raw,,4/12/2017,4/13/2017,1,553,PREFB27
SM-CMUKP,Study sample,0087_XAV_iHMP2_LIP_SM-CMUKP.raw,,4/5/2017,4/7/2017,1,94,PREFB05
SM-CNIIF,Study sample,0358_XAV_iHMP2_LIP_SM-CNIIF.raw,,4/10/2017,4/11/2017,1,380,PREFB19
SM-CNW2E,Study sample,0518_XAV_iHMP2_LIP_SM-CNW2E.raw,,4/12/2017,4/13/2017,1,560,PREFB27
SM-COSYB,Study sample,0522_XAV_iHMP2_LIP_SM-COSYB.raw,,4/12/2017,4/13/2017,1,566,PREFB27
SM-CP6EO,Study sample,0136_XAV_iHMP2_LIP_SM-CP6EO.raw,,4/6/2017,4/7/2017,1,141,PREFB08
SM-CQEDG,Study sample,0059_XAV_iHMP2_LIP_SM-CQEDG.raw,,4/5/2017,4/6/2017,1,63,PREFB04
SM-CRP6E,Study sample,0531_XAV_iHMP2_LIP_SM-CRP6E.raw,,4/12/2017,4/14/2017,1,575,PREFB28
SM-CRT7P,Study sample,0443_XAV_iHMP2_LIP_SM-CRT7P.raw,,4/11/2017,4/12/2017,1,480,PREFB23
SM-CSF71,Study sample,0301_XAV_iHMP2_LIP_SM-CSF71.raw,,4/7/2017,4/10/2017,1,316,PREFB16
SM-CSN3P,Study sample,0313_XAV_iHMP2_LIP_SM-CSN3P.raw,,4/10/2017,4/10/2017,1,337,PREFB17
SM-CTLFU,Study sample,0109_XAV_iHMP2_LIP_SM-CTLFU.raw,,4/6/2017,4/7/2017,1,118,PREFB06
SM-CTTKY,Study sample,0527_XAV_iHMP2_LIP_SM-CTTKY.raw,,4/12/2017,4/14/2017,1,571,PREFB27
PREFA02,Pooled reference mixture,0020a_XAV_iHMP2_LIP_PREFA02.raw,,4/5/2017,4/6/2017,1,21,PREFB02
PREFB02,Pooled reference mixture,0020b_XAV_iHMP2_LIP_PREFB02.raw,,4/5/2017,4/6/2017,1,22,PREFB02
PREFA03,Pooled reference mixture,0040a_XAV_iHMP2_LIP_PREFA03.raw,,4/5/2017,4/6/2017,1,43,PREFB03
PREFB03,Pooled reference mixture,0040b_XAV_iHMP2_LIP_PREFB03.raw,,4/5/2017,4/6/2017,1,44,PREFB03
PREFA04,Pooled reference mixture,0060a_XAV_iHMP2_LIP_PREFA04.raw,,4/5/2017,4/6/2017,1,65,PREFB04
PREFB04,Pooled reference mixture,0060b_XAV_iHMP2_LIP_PREFB04.raw,,4/5/2017,4/6/2017,1,66,PREFB04
PREFA05,Pooled reference mixture,0080a_XAV_iHMP2_LIP_PREFA05.raw,,4/5/2017,4/7/2017,1,86,PREFB05
PREFB05,Pooled reference mixture,0080b_XAV_iHMP2_LIP_PREFB05.raw,,4/5/2017,4/7/2017,1,87,PREFB05
PREFA06,Pooled reference mixture,0100a_XAV_iHMP2_LIP_PREFA06.raw,,4/6/2017,4/7/2017,1,108,PREFB06
PREFB06,Pooled reference mixture,0100b_XAV_iHMP2_LIP_PREFB06.raw,,4/6/2017,4/7/2017,1,109,PREFB06
PREFA08,Pooled reference mixture,0140a_XAV_iHMP2_LIP_PREFA08.raw,,4/6/2017,4/8/2017,1,146,PREFB08
PREFB08,Pooled reference mixture,0140b_XAV_iHMP2_LIP_PREFB08.raw,,4/6/2017,4/8/2017,1,147,PREFB08
PREFA09,Pooled reference mixture,0160a_XAV_iHMP2_LIP_PREFA09.raw,,4/6/2017,4/8/2017,1,168,PREFB09
PREFB09,Pooled reference mixture,0160b_XAV_iHMP2_LIP_PREFB09.raw,,4/6/2017,4/8/2017,1,169,PREFB09
PREFA10,Pooled reference mixture,0180a_XAV_iHMP2_LIP_PREFA10.raw,,4/6/2017,4/8/2017,1,190,PREFB10
PREFB10,Pooled reference mixture,0180b_XAV_iHMP2_LIP_PREFB10.raw,,4/6/2017,4/8/2017,1,191,PREFB10
PREFA11,Pooled reference mixture,0200a_XAV_iHMP2_LIP_PREFA11.raw,,4/7/2017,4/8/2017,1,214,PREFB11
PREFB11,Pooled reference mixture,0200b_XAV_iHMP2_LIP_PREFB11.raw,,4/7/2017,4/8/2017,1,215,PREFB11
PREFA12,Pooled reference mixture,0220a_XAV_iHMP2_LIP_PREFA12.raw,,4/7/2017,4/9/2017,1,236,PREFB12
PREFB12,Pooled reference mixture,0220b_XAV_iHMP2_LIP_PREFB12.raw,,4/7/2017,4/9/2017,1,237,PREFB12
PREFA14,Pooled reference mixture,0260a_XAV_iHMP2_LIP_PREFA14.raw,,4/7/2017,4/9/2017,1,278,PREFB14
PREFB14,Pooled reference mixture,0260b_XAV_iHMP2_LIP_PREFB14.raw,,4/7/2017,4/9/2017,1,279,PREFB14
PREFA15,Pooled reference mixture,0280a_XAV_iHMP2_LIP_PREFA15.raw,,4/7/2017,4/10/2017,1,299,PREFB15
PREFB15,Pooled reference mixture,0280b_XAV_iHMP2_LIP_PREFB15.raw,,4/7/2017,4/10/2017,1,300,PREFB15
PREFA16,Pooled reference mixture,0300a_XAV_iHMP2_LIP_PREFA16.raw,,4/7/2017,4/10/2017,1,314,PREFB16
PREFB16,Pooled reference mixture,0300b_XAV_iHMP2_LIP_PREFB16.raw,,4/7/2017,4/10/2017,1,315,PREFB16
PREFA17,Pooled reference mixture,0320a_XAV_iHMP2_LIP_PREFA17.raw,,4/10/2017,4/10/2017,1,344,PREFB17
PREFB17,Pooled reference mixture,0320b_XAV_iHMP2_LIP_PREFB17.raw,,4/10/2017,4/10/2017,1,345,PREFB17
PREFA18,Pooled reference mixture,0340a_XAV_iHMP2_LIP_PREFA18.raw,,4/10/2017,4/11/2017,1,362,PREFB18
PREFB18,Pooled reference mixture,0340b_XAV_iHMP2_LIP_PREFB18.raw,,4/10/2017,4/11/2017,1,363,PREFB18
PREFA19,Pooled reference mixture,0360a_XAV_iHMP2_LIP_PREFA19.raw,,4/10/2017,4/11/2017,1,383,PREFB19
PREFB19,Pooled reference mixture,0360b_XAV_iHMP2_LIP_PREFB19.raw,,4/10/2017,4/11/2017,1,384,PREFB19
PREFA20,Pooled reference mixture,0380a_XAV_iHMP2_LIP_PREFA20.raw,,4/10/2017,4/11/2017,1,404,PREFB20
PREFB20,Pooled reference mixture,0380b_XAV_iHMP2_LIP_PREFB20.raw,,4/10/2017,4/11/2017,1,405,PREFB20
PREFA21,Pooled reference mixture,0400a_XAV_iHMP2_LIP_PREFA21.raw,,4/11/2017,4/12/2017,1,432,PREFB21
PREFB21,Pooled reference mixture,0400b_XAV_iHMP2_LIP_PREFB21.raw,,4/11/2017,4/12/2017,1,433,PREFB21
PREFA22,Pooled reference mixture,0420a_XAV_iHMP2_LIP_PREFA22.raw,,4/11/2017,4/12/2017,1,454,PREFB22
PREFB22,Pooled reference mixture,0420b_XAV_iHMP2_LIP_PREFB22.raw,,4/11/2017,4/12/2017,1,455,PREFB22
PREFA23,Pooled reference mixture,0440a_XAV_iHMP2_LIP_PREFA23.raw,,4/11/2017,4/12/2017,1,476,PREFB23
PREFB23,Pooled reference mixture,0440b_XAV_iHMP2_LIP_PREFB23.raw,,4/11/2017,4/12/2017,1,477,PREFB23
PREFA24,Pooled reference mixture,0460a_XAV_iHMP2_LIP_PREFA24.raw,,4/11/2017,4/13/2017,1,498,PREFB24
PREFB24,Pooled reference mixture,0460b_XAV_iHMP2_LIP_PREFB24.raw,,4/11/2017,4/13/2017,1,499,PREFB24
PREFA25,Pooled reference mixture,0480a_XAV_iHMP2_LIP_PREFA25.raw,,4/12/2017,4/13/2017,1,520,PREFB25
PREFB25,Pooled reference mixture,0480b_XAV_iHMP2_LIP_PREFB25.raw,,4/12/2017,4/13/2017,1,521,PREFB25
PREFA26,Pooled reference mixture,0500a_XAV_iHMP2_LIP_PREFA26.raw,,4/12/2017,4/13/2017,1,542,PREFB26
PREFB26,Pooled reference mixture,0500b_XAV_iHMP2_LIP_PREFB26.raw,,4/12/2017,4/13/2017,1,543,PREFB26
PREFA27,Pooled reference mixture,0520a_XAV_iHMP2_LIP_PREFA27.raw,,4/12/2017,4/13/2017,1,563,PREFB27
PREFB27,Pooled reference mixture,0520b_XAV_iHMP2_LIP_PREFB27.raw,,4/12/2017,4/13/2017,1,564,PREFB27
PREFA28,Pooled reference mixture,0540a_XAV_iHMP2_LIP_PREFA28.raw,,4/12/2017,4/14/2017,1,585,PREFB28
PREFB28,Pooled reference mixture,0540b_XAV_iHMP2_LIP_PREFB28.raw,,4/12/2017,4/14/2017,1,586,PREFB28
PREFA29,Pooled reference mixture,0550a_XAV_iHMP2_LIP_PREFA29.raw,,4/12/2017,4/14/2017,1,594,PREFB29
PREFB29,Pooled reference mixture,0550b_XAV_iHMP2_LIP_PREFB29.raw,,4/12/2017,4/14/2017,1,595,PREFB29
